;col1;col2;col3;col4;col5
2020M1;0.10291012;0.302895796;kkh;0.432001348;3
2020M2;0.548434088;0.261697935;dsf;0.7364454;5
2020M3;0.41972556;0.565517074;gfhf;0.433392388;6
2020M4;0.307432482;0.923219617;ghf;0.389263708;8
2020M5;0.001309112;0.042402694;sdf;0.541600102;2
2020M6;0.714514678;0.632166867;dgf;0.526822941;2
2020M7;0.907481827;0.290117573;fd;0.993114642;3
2020M8;0.85902882;0.511480383;awd;0.125038381;1
